,Age,Income,Purchase Frequency,Segment
0,24,24835,3,Young and Low Income
1,32,26042,2,Young and Low Income
2,28,34837,3,Young and Low Income
3,25,27312,2,Young and Low Income
4,24,25320,3,Young and Low Income
5,28,33216,1,Young and Low Income
6,28,22779,3,Young and Low Income
7,21,37308,1,Young and Low Income
8,25,21581,3,Young and Low Income
9,20,39708,1,Young and Low Income
10,19,32677,3,Young and Low Income
11,29,25713,1,Young and Low Income
12,23,36639,2,Young and Low Income
13,19,24804,2,Young and Low Income
14,18,38222,1,Young and Low Income
15,29,30136,3,Young and Low Income
16,29,20009,1,Young and Low Income
17,34,39255,3,Young and Low Income
18,27,25124,2,Young and Low Income
19,33,21015,3,Young and Low Income
20,32,22193,2,Young and Low Income
21,32,28415,3,Young and Low Income
22,29,33550,3,Young and Low Income
23,20,34512,3,Young and Low Income
24,22,24158,1,Young and Low Income
25,24,26970,1,Young and Low Income
26,26,26938,2,Young and Low Income
27,24,33772,2,Young and Low Income
28,21,38017,1,Young and Low Income
29,31,30344,2,Young and Low Income
30,26,27266,1,Young and Low Income
31,19,28702,3,Young and Low Income
32,32,20384,2,Young and Low Income
33,24,20404,2,Young and Low Income
34,29,28175,1,Young and Low Income
35,25,35158,2,Young and Low Income
36,32,32763,2,Young and Low Income
37,20,38384,3,Young and Low Income
38,31,29860,2,Young and Low Income
39,34,25989,3,Young and Low Income
40,21,35106,1,Young and Low Income
41,25,37844,2,Young and Low Income
42,21,23636,3,Young and Low Income
43,19,30916,1,Young and Low Income
44,23,24809,2,Young and Low Income
45,27,33456,1,Young and Low Income
46,21,35444,2,Young and Low Income
47,29,25997,1,Young and Low Income
48,19,22048,1,Young and Low Income
49,27,32338,3,Young and Low Income
50,21,37100,1,Young and Low Income
51,31,24544,2,Young and Low Income
52,33,24976,2,Young and Low Income
53,32,32775,3,Young and Low Income
54,25,30015,2,Young and Low Income
55,31,23419,2,Young and Low Income
56,25,34430,2,Young and Low Income
57,33,27239,1,Young and Low Income
58,30,34489,1,Young and Low Income
59,32,36633,2,Young and Low Income
60,30,30357,3,Young and Low Income
61,26,37154,1,Young and Low Income
62,32,24363,3,Young and Low Income
63,30,30176,2,Young and Low Income
64,18,37461,2,Young and Low Income
65,24,28427,1,Young and Low Income
66,26,28580,2,Young and Low Income
67,18,24858,1,Young and Low Income
68,29,30040,2,Young and Low Income
69,25,39198,2,Young and Low Income
70,28,39758,1,Young and Low Income
71,34,35254,1,Young and Low Income
72,25,31470,1,Young and Low Income
73,20,21252,2,Young and Low Income
74,20,26996,2,Young and Low Income
75,18,32173,3,Young and Low Income
76,22,24673,1,Young and Low Income
77,27,35781,2,Young and Low Income
78,24,33051,2,Young and Low Income
79,26,26881,1,Young and Low Income
80,24,26949,3,Young and Low Income
81,26,29521,1,Young and Low Income
82,25,28017,3,Young and Low Income
83,29,26941,2,Young and Low Income
84,19,30209,3,Young and Low Income
85,18,37715,2,Young and Low Income
86,33,29550,1,Young and Low Income
87,22,24637,1,Young and Low Income
88,20,24854,1,Young and Low Income
89,29,39561,3,Young and Low Income
90,25,30320,2,Young and Low Income
91,20,38564,1,Young and Low Income
92,18,24892,1,Young and Low Income
93,20,27043,2,Young and Low Income
94,22,36521,1,Young and Low Income
95,32,39856,2,Young and Low Income
96,31,39216,2,Young and Low Income
97,20,39963,2,Young and Low Income
98,18,24164,2,Young and Low Income
99,22,27941,2,Young and Low Income
100,31,34388,3,Young and Low Income
101,24,25569,1,Young and Low Income
102,26,24300,3,Young and Low Income
103,32,26269,1,Young and Low Income
104,32,23818,3,Young and Low Income
105,27,32015,2,Young and Low Income
106,30,32234,1,Young and Low Income
107,24,38290,1,Young and Low Income
108,34,26254,3,Young and Low Income
109,21,37144,3,Young and Low Income
110,22,27350,1,Young and Low Income
111,24,35183,3,Young and Low Income
112,30,26238,3,Young and Low Income
113,32,26090,3,Young and Low Income
114,28,31637,2,Young and Low Income
115,21,32647,2,Young and Low Income
116,30,29911,3,Young and Low Income
117,24,28472,3,Young and Low Income
118,19,38271,2,Young and Low Income
119,27,23266,2,Young and Low Income
120,30,20666,1,Young and Low Income
121,23,24188,1,Young and Low Income
122,29,37055,2,Young and Low Income
123,29,30161,3,Young and Low Income
124,28,31314,3,Young and Low Income
125,24,32891,3,Young and Low Income
126,18,24777,3,Young and Low Income
127,18,23900,1,Young and Low Income
128,30,33716,2,Young and Low Income
129,26,26981,3,Young and Low Income
130,20,26376,1,Young and Low Income
131,24,36907,3,Young and Low Income
132,23,38777,2,Young and Low Income
133,25,38977,1,Young and Low Income
134,26,30160,2,Young and Low Income
135,22,34124,2,Young and Low Income
136,18,36282,1,Young and Low Income
137,27,30488,1,Young and Low Income
138,29,25240,1,Young and Low Income
139,32,30453,1,Young and Low Income
140,26,30478,1,Young and Low Income
141,34,32394,1,Young and Low Income
142,34,39262,1,Young and Low Income
143,29,24432,3,Young and Low Income
144,24,33568,2,Young and Low Income
145,19,34178,1,Young and Low Income
146,20,37660,3,Young and Low Income
147,34,20302,3,Young and Low Income
148,22,37022,3,Young and Low Income
149,34,20055,2,Young and Low Income
150,34,33013,1,Young and Low Income
151,34,28717,3,Young and Low Income
152,19,28150,2,Young and Low Income
153,19,22125,2,Young and Low Income
154,22,31479,2,Young and Low Income
155,18,35745,3,Young and Low Income
156,18,36748,1,Young and Low Income
157,19,26809,3,Young and Low Income
158,29,24621,3,Young and Low Income
159,23,35034,1,Young and Low Income
160,21,33623,1,Young and Low Income
161,28,25126,1,Young and Low Income
162,34,25122,2,Young and Low Income
163,23,38030,1,Young and Low Income
164,22,37302,3,Young and Low Income
165,19,39181,1,Young and Low Income
166,23,25870,3,Young and Low Income
167,28,21531,2,Young and Low Income
168,33,28172,3,Young and Low Income
169,33,39729,3,Young and Low Income
170,18,27673,1,Young and Low Income
171,26,26882,1,Young and Low Income
172,23,21906,3,Young and Low Income
173,33,23086,1,Young and Low Income
174,20,33503,2,Young and Low Income
175,21,28152,2,Young and Low Income
176,20,25750,1,Young and Low Income
177,24,32772,2,Young and Low Income
178,26,30267,1,Young and Low Income
179,18,21062,3,Young and Low Income
180,25,38360,3,Young and Low Income
181,24,37680,2,Young and Low Income
182,25,26229,1,Young and Low Income
183,18,36509,1,Young and Low Income
184,28,35147,2,Young and Low Income
185,27,24632,3,Young and Low Income
186,20,26288,2,Young and Low Income
187,24,23596,3,Young and Low Income
188,33,31475,1,Young and Low Income
189,33,26168,3,Young and Low Income
190,34,29795,2,Young and Low Income
191,19,27561,1,Young and Low Income
192,18,28258,2,Young and Low Income
193,33,36616,2,Young and Low Income
194,29,26371,3,Young and Low Income
195,22,34369,2,Young and Low Income
196,22,32910,3,Young and Low Income
197,26,27943,1,Young and Low Income
198,26,32199,3,Young and Low Income
199,20,35728,1,Young and Low Income
200,33,26738,3,Young and Low Income
201,33,35913,2,Young and Low Income
202,20,22472,3,Young and Low Income
203,18,39123,3,Young and Low Income
204,28,35679,1,Young and Low Income
205,34,21761,2,Young and Low Income
206,25,30167,3,Young and Low Income
207,21,30554,2,Young and Low Income
208,23,37260,3,Young and Low Income
209,25,34277,3,Young and Low Income
210,20,23812,2,Young and Low Income
211,33,37844,3,Young and Low Income
212,20,38117,2,Young and Low Income
213,31,21605,3,Young and Low Income
214,19,25622,1,Young and Low Income
215,20,26767,2,Young and Low Income
216,33,31613,3,Young and Low Income
217,26,39901,3,Young and Low Income
218,21,30589,1,Young and Low Income
219,18,33918,2,Young and Low Income
220,21,33046,3,Young and Low Income
221,18,22590,1,Young and Low Income
222,31,37447,3,Young and Low Income
223,33,24324,2,Young and Low Income
224,25,30787,3,Young and Low Income
225,24,29111,3,Young and Low Income
226,20,25342,3,Young and Low Income
227,34,36389,3,Young and Low Income
228,18,28659,1,Young and Low Income
229,33,34043,1,Young and Low Income
230,29,28837,2,Young and Low Income
231,31,20117,1,Young and Low Income
232,23,33917,1,Young and Low Income
233,23,38935,2,Young and Low Income
234,30,34309,1,Young and Low Income
235,25,33234,1,Young and Low Income
236,19,25560,2,Young and Low Income
237,18,20846,2,Young and Low Income
238,32,30954,2,Young and Low Income
239,18,33703,3,Young and Low Income
240,22,35385,3,Young and Low Income
241,33,33746,2,Young and Low Income
242,21,26469,2,Young and Low Income
243,20,29333,2,Young and Low Income
244,34,36608,3,Young and Low Income
245,34,32819,3,Young and Low Income
246,29,24208,1,Young and Low Income
247,31,26283,1,Young and Low Income
248,23,22048,2,Young and Low Income
249,20,26233,3,Young and Low Income
250,26,32941,3,Young and Low Income
251,22,32607,3,Young and Low Income
252,34,29765,2,Young and Low Income
253,31,21828,1,Young and Low Income
254,20,21917,2,Young and Low Income
255,18,26988,1,Young and Low Income
256,18,38410,1,Young and Low Income
257,20,34594,2,Young and Low Income
258,27,32977,1,Young and Low Income
259,20,20009,1,Young and Low Income
260,25,36644,3,Young and Low Income
261,31,29865,1,Young and Low Income
262,32,22219,2,Young and Low Income
263,19,27041,2,Young and Low Income
264,27,38444,1,Young and Low Income
265,19,25287,3,Young and Low Income
266,34,21619,3,Young and Low Income
267,25,28512,1,Young and Low Income
268,18,21342,1,Young and Low Income
269,26,30568,2,Young and Low Income
270,28,39216,1,Young and Low Income
271,33,39208,3,Young and Low Income
272,24,38378,1,Young and Low Income
273,27,34231,2,Young and Low Income
274,20,23490,2,Young and Low Income
275,30,29310,2,Young and Low Income
276,24,27984,2,Young and Low Income
277,21,37988,2,Young and Low Income
278,30,32219,1,Young and Low Income
279,18,20235,1,Young and Low Income
280,25,30161,1,Young and Low Income
281,31,21908,1,Young and Low Income
282,33,28567,2,Young and Low Income
283,31,23530,3,Young and Low Income
284,29,25256,1,Young and Low Income
285,32,39019,3,Young and Low Income
286,19,28162,1,Young and Low Income
287,19,38944,1,Young and Low Income
288,34,25415,3,Young and Low Income
289,27,23391,2,Young and Low Income
290,23,31157,1,Young and Low Income
291,32,25951,1,Young and Low Income
292,28,28007,1,Young and Low Income
293,22,29064,3,Young and Low Income
294,18,35524,2,Young and Low Income
295,25,39282,3,Young and Low Income
296,29,20077,3,Young and Low Income
297,29,27577,2,Young and Low Income
298,22,36984,3,Young and Low Income
299,24,34060,2,Young and Low Income
300,21,37449,1,Young and Low Income
301,23,38520,2,Young and Low Income
302,30,30535,1,Young and Low Income
303,32,29510,3,Young and Low Income
304,20,26943,3,Young and Low Income
305,25,31954,1,Young and Low Income
306,33,27804,3,Young and Low Income
307,30,26565,2,Young and Low Income
308,27,25984,1,Young and Low Income
309,34,24670,3,Young and Low Income
310,22,38574,1,Young and Low Income
311,26,29184,2,Young and Low Income
312,29,39096,2,Young and Low Income
313,18,22192,3,Young and Low Income
314,18,21248,2,Young and Low Income
315,32,31246,1,Young and Low Income
316,19,32790,2,Young and Low Income
317,33,38381,1,Young and Low Income
318,25,23687,1,Young and Low Income
319,30,24018,2,Young and Low Income
320,18,31302,3,Young and Low Income
321,33,21970,2,Young and Low Income
322,24,28389,1,Young and Low Income
323,22,37586,1,Young and Low Income
324,20,35374,2,Young and Low Income
325,29,25788,3,Young and Low Income
326,33,25408,3,Young and Low Income
327,22,29446,1,Young and Low Income
328,31,20922,1,Young and Low Income
329,22,20419,3,Young and Low Income
330,32,38588,2,Young and Low Income
331,34,30789,1,Young and Low Income
332,31,21120,1,Young and Low Income
333,22,31260,3,Young and Low Income
334,29,37334,2,Young and Low Income
335,33,22336,3,Young and Low Income
336,33,25373,2,Young and Low Income
337,24,22243,2,Young and Low Income
338,21,39029,2,Young and Low Income
339,18,24612,1,Young and Low Income
340,22,33946,3,Young and Low Income
341,27,38249,3,Young and Low Income
342,22,31104,2,Young and Low Income
343,21,33429,1,Young and Low Income
344,19,26371,1,Young and Low Income
345,27,26359,3,Young and Low Income
346,18,27863,1,Young and Low Income
347,22,23228,1,Young and Low Income
348,30,34382,2,Young and Low Income
349,21,38755,1,Young and Low Income
350,33,22891,2,Young and Low Income
351,33,23756,3,Young and Low Income
352,19,35770,1,Young and Low Income
353,34,36478,3,Young and Low Income
354,29,22674,3,Young and Low Income
355,20,26898,1,Young and Low Income
356,18,30147,1,Young and Low Income
357,18,20793,3,Young and Low Income
358,28,22116,1,Young and Low Income
359,22,25779,2,Young and Low Income
360,29,32298,2,Young and Low Income
361,20,34153,1,Young and Low Income
362,18,31111,3,Young and Low Income
363,18,30789,1,Young and Low Income
364,25,31397,1,Young and Low Income
365,27,32999,3,Young and Low Income
366,28,20814,3,Young and Low Income
367,29,36729,2,Young and Low Income
368,30,30541,3,Young and Low Income
369,29,22443,2,Young and Low Income
370,31,30457,3,Young and Low Income
371,19,30380,1,Young and Low Income
372,20,27783,2,Young and Low Income
373,34,31473,2,Young and Low Income
374,25,37368,2,Young and Low Income
375,27,35328,1,Young and Low Income
376,19,20827,1,Young and Low Income
377,26,39915,1,Young and Low Income
378,24,27147,1,Young and Low Income
379,21,24451,1,Young and Low Income
380,30,35343,2,Young and Low Income
381,28,33635,1,Young and Low Income
382,21,25959,2,Young and Low Income
383,21,20126,1,Young and Low Income
384,27,39561,3,Young and Low Income
385,22,28795,2,Young and Low Income
386,26,31641,3,Young and Low Income
387,20,27196,2,Young and Low Income
388,34,31559,3,Young and Low Income
389,20,23368,1,Young and Low Income
390,33,23797,1,Young and Low Income
391,21,35114,1,Young and Low Income
392,34,33718,2,Young and Low Income
393,24,21792,3,Young and Low Income
394,22,31053,1,Young and Low Income
395,29,23476,3,Young and Low Income
396,34,23417,3,Young and Low Income
397,30,21645,1,Young and Low Income
398,20,34755,1,Young and Low Income
399,26,39414,3,Young and Low Income
400,34,39256,1,Young and Low Income
401,34,23072,1,Young and Low Income
402,33,21854,1,Young and Low Income
403,30,24662,2,Young and Low Income
404,34,26514,3,Young and Low Income
405,21,22708,3,Young and Low Income
406,29,31694,2,Young and Low Income
407,26,29524,3,Young and Low Income
408,29,39891,1,Young and Low Income
409,26,26456,3,Young and Low Income
410,24,24212,1,Young and Low Income
411,31,33224,2,Young and Low Income
412,32,27970,1,Young and Low Income
413,33,36920,3,Young and Low Income
414,22,21625,3,Young and Low Income
415,20,30314,3,Young and Low Income
416,29,27973,2,Young and Low Income
417,21,28577,2,Young and Low Income
418,33,28070,3,Young and Low Income
419,24,28666,1,Young and Low Income
420,30,23600,2,Young and Low Income
421,27,26783,3,Young and Low Income
422,24,33226,3,Young and Low Income
423,31,29146,2,Young and Low Income
424,22,24971,2,Young and Low Income
425,20,33490,2,Young and Low Income
426,28,37589,1,Young and Low Income
427,28,32951,1,Young and Low Income
428,32,32312,3,Young and Low Income
429,29,21990,2,Young and Low Income
430,26,25299,1,Young and Low Income
431,27,32997,2,Young and Low Income
432,29,39956,3,Young and Low Income
433,34,33472,1,Young and Low Income
434,23,24380,1,Young and Low Income
435,24,24757,1,Young and Low Income
436,31,39097,3,Young and Low Income
437,30,30395,2,Young and Low Income
438,25,36241,1,Young and Low Income
439,27,25588,3,Young and Low Income
440,26,37350,2,Young and Low Income
441,19,24944,3,Young and Low Income
442,22,33395,2,Young and Low Income
443,22,39816,3,Young and Low Income
444,23,37072,2,Young and Low Income
445,25,24243,1,Young and Low Income
446,33,29916,2,Young and Low Income
447,30,29984,3,Young and Low Income
448,18,21759,3,Young and Low Income
449,34,29181,2,Young and Low Income
450,24,22482,1,Young and Low Income
451,30,20951,1,Young and Low Income
452,21,22079,2,Young and Low Income
453,21,22717,2,Young and Low Income
454,23,29692,3,Young and Low Income
455,29,27311,1,Young and Low Income
456,24,38449,2,Young and Low Income
457,27,20768,1,Young and Low Income
458,24,25490,2,Young and Low Income
459,20,35534,2,Young and Low Income
460,30,26645,1,Young and Low Income
461,30,25232,2,Young and Low Income
462,25,31485,2,Young and Low Income
463,26,25797,3,Young and Low Income
464,24,39719,2,Young and Low Income
465,18,32342,2,Young and Low Income
466,20,28038,2,Young and Low Income
467,30,36002,3,Young and Low Income
468,34,33087,1,Young and Low Income
469,18,24873,3,Young and Low Income
470,23,21481,3,Young and Low Income
471,23,30093,1,Young and Low Income
472,29,39835,3,Young and Low Income
473,30,34422,1,Young and Low Income
474,30,36438,3,Young and Low Income
475,32,27643,1,Young and Low Income
476,33,39846,2,Young and Low Income
477,28,35708,3,Young and Low Income
478,22,31271,3,Young and Low Income
479,21,37216,3,Young and Low Income
480,20,32600,3,Young and Low Income
481,32,30998,2,Young and Low Income
482,26,34295,3,Young and Low Income
483,34,30682,2,Young and Low Income
484,31,36380,2,Young and Low Income
485,32,28519,2,Young and Low Income
486,18,39694,2,Young and Low Income
487,20,23300,1,Young and Low Income
488,33,26722,1,Young and Low Income
489,28,27218,3,Young and Low Income
490,29,23054,1,Young and Low Income
491,27,33575,1,Young and Low Income
492,33,27970,3,Young and Low Income
493,25,22143,3,Young and Low Income
494,23,29503,3,Young and Low Income
495,29,35149,1,Young and Low Income
496,25,38922,1,Young and Low Income
497,21,32175,3,Young and Low Income
498,25,28356,2,Young and Low Income
499,22,35070,3,Young and Low Income
500,48,57091,2,Middle-aged and Medium Income
501,54,58188,2,Middle-aged and Medium Income
502,45,46704,2,Middle-aged and Medium Income
503,37,43713,2,Middle-aged and Medium Income
504,51,45051,3,Middle-aged and Medium Income
505,46,50756,2,Middle-aged and Medium Income
506,49,42475,5,Middle-aged and Medium Income
507,50,43610,4,Middle-aged and Medium Income
508,39,44255,3,Middle-aged and Medium Income
509,54,54484,2,Middle-aged and Medium Income
510,40,41735,4,Middle-aged and Medium Income
511,53,48258,3,Middle-aged and Medium Income
512,39,47979,4,Middle-aged and Medium Income
513,37,42428,2,Middle-aged and Medium Income
514,35,52345,2,Middle-aged and Medium Income
515,40,47426,5,Middle-aged and Medium Income
516,49,48533,2,Middle-aged and Medium Income
517,36,45249,2,Middle-aged and Medium Income
518,37,59201,3,Middle-aged and Medium Income
519,51,49686,5,Middle-aged and Medium Income
520,46,54109,3,Middle-aged and Medium Income
521,52,40661,4,Middle-aged and Medium Income
522,49,52075,2,Middle-aged and Medium Income
523,46,54788,4,Middle-aged and Medium Income
524,50,50060,3,Middle-aged and Medium Income
525,42,55836,2,Middle-aged and Medium Income
526,48,50526,2,Middle-aged and Medium Income
527,51,43374,3,Middle-aged and Medium Income
528,42,40207,3,Middle-aged and Medium Income
529,49,42665,3,Middle-aged and Medium Income
530,48,58877,3,Middle-aged and Medium Income
531,52,40632,3,Middle-aged and Medium Income
532,54,43083,2,Middle-aged and Medium Income
533,41,53711,3,Middle-aged and Medium Income
534,37,50123,2,Middle-aged and Medium Income
535,46,47123,2,Middle-aged and Medium Income
536,37,50754,3,Middle-aged and Medium Income
537,54,41679,3,Middle-aged and Medium Income
538,48,55901,5,Middle-aged and Medium Income
539,49,40236,2,Middle-aged and Medium Income
540,48,47446,3,Middle-aged and Medium Income
541,41,44443,3,Middle-aged and Medium Income
542,51,55463,3,Middle-aged and Medium Income
543,46,48555,5,Middle-aged and Medium Income
544,54,58752,5,Middle-aged and Medium Income
545,38,56669,4,Middle-aged and Medium Income
546,43,40148,2,Middle-aged and Medium Income
547,40,53395,4,Middle-aged and Medium Income
548,50,44895,3,Middle-aged and Medium Income
549,36,57396,5,Middle-aged and Medium Income
550,42,51023,5,Middle-aged and Medium Income
551,45,50699,4,Middle-aged and Medium Income
552,47,49715,5,Middle-aged and Medium Income
553,51,59169,3,Middle-aged and Medium Income
554,42,56163,5,Middle-aged and Medium Income
555,52,45782,4,Middle-aged and Medium Income
556,52,58792,3,Middle-aged and Medium Income
557,48,56724,4,Middle-aged and Medium Income
558,49,42817,5,Middle-aged and Medium Income
559,40,55096,4,Middle-aged and Medium Income
560,45,58880,4,Middle-aged and Medium Income
561,47,45299,2,Middle-aged and Medium Income
562,35,49917,5,Middle-aged and Medium Income
563,40,58073,5,Middle-aged and Medium Income
564,43,43267,4,Middle-aged and Medium Income
565,42,44406,2,Middle-aged and Medium Income
566,45,57826,5,Middle-aged and Medium Income
567,53,50382,3,Middle-aged and Medium Income
568,43,44437,4,Middle-aged and Medium Income
569,51,45435,5,Middle-aged and Medium Income
570,46,44107,3,Middle-aged and Medium Income
571,48,40560,5,Middle-aged and Medium Income
572,49,52329,3,Middle-aged and Medium Income
573,50,41826,4,Middle-aged and Medium Income
574,54,51421,5,Middle-aged and Medium Income
575,35,52265,5,Middle-aged and Medium Income
576,44,47629,2,Middle-aged and Medium Income
577,42,48325,4,Middle-aged and Medium Income
578,52,59522,3,Middle-aged and Medium Income
579,35,47693,5,Middle-aged and Medium Income
580,36,48264,5,Middle-aged and Medium Income
581,35,52686,3,Middle-aged and Medium Income
582,35,53716,4,Middle-aged and Medium Income
583,43,46721,2,Middle-aged and Medium Income
584,47,59362,2,Middle-aged and Medium Income
585,35,47373,5,Middle-aged and Medium Income
586,47,45907,3,Middle-aged and Medium Income
587,54,56127,5,Middle-aged and Medium Income
588,41,45656,3,Middle-aged and Medium Income
589,36,48984,2,Middle-aged and Medium Income
590,40,48286,4,Middle-aged and Medium Income
591,41,45901,3,Middle-aged and Medium Income
592,48,44917,2,Middle-aged and Medium Income
593,52,48429,5,Middle-aged and Medium Income
594,49,54716,3,Middle-aged and Medium Income
595,36,55795,4,Middle-aged and Medium Income
596,44,51138,5,Middle-aged and Medium Income
597,46,42530,5,Middle-aged and Medium Income
598,51,58344,2,Middle-aged and Medium Income
599,42,57432,3,Middle-aged and Medium Income
600,45,45772,5,Middle-aged and Medium Income
601,37,55476,4,Middle-aged and Medium Income
602,40,58913,3,Middle-aged and Medium Income
603,43,55751,4,Middle-aged and Medium Income
604,40,42964,5,Middle-aged and Medium Income
605,43,47137,4,Middle-aged and Medium Income
606,41,57347,2,Middle-aged and Medium Income
607,43,56920,4,Middle-aged and Medium Income
608,52,53891,3,Middle-aged and Medium Income
609,46,47340,4,Middle-aged and Medium Income
610,42,47967,4,Middle-aged and Medium Income
611,42,52415,2,Middle-aged and Medium Income
612,52,51871,4,Middle-aged and Medium Income
613,54,51916,4,Middle-aged and Medium Income
614,49,48734,5,Middle-aged and Medium Income
615,41,40845,5,Middle-aged and Medium Income
616,45,59420,3,Middle-aged and Medium Income
617,54,42494,5,Middle-aged and Medium Income
618,50,52677,5,Middle-aged and Medium Income
619,38,59103,5,Middle-aged and Medium Income
620,40,58268,5,Middle-aged and Medium Income
621,37,52330,2,Middle-aged and Medium Income
622,43,45179,5,Middle-aged and Medium Income
623,44,46610,2,Middle-aged and Medium Income
624,48,46430,2,Middle-aged and Medium Income
625,45,47154,5,Middle-aged and Medium Income
626,52,53828,4,Middle-aged and Medium Income
627,46,50145,2,Middle-aged and Medium Income
628,46,46488,4,Middle-aged and Medium Income
629,47,43850,4,Middle-aged and Medium Income
630,47,57073,5,Middle-aged and Medium Income
631,53,53564,3,Middle-aged and Medium Income
632,53,45078,5,Middle-aged and Medium Income
633,48,52168,3,Middle-aged and Medium Income
634,38,45448,3,Middle-aged and Medium Income
635,47,57563,5,Middle-aged and Medium Income
636,42,49074,5,Middle-aged and Medium Income
637,53,46406,3,Middle-aged and Medium Income
638,46,48800,5,Middle-aged and Medium Income
639,52,54083,3,Middle-aged and Medium Income
640,40,41638,4,Middle-aged and Medium Income
641,52,50340,5,Middle-aged and Medium Income
642,53,41382,4,Middle-aged and Medium Income
643,39,41403,2,Middle-aged and Medium Income
644,43,49011,4,Middle-aged and Medium Income
645,37,43292,4,Middle-aged and Medium Income
646,44,49011,3,Middle-aged and Medium Income
647,53,40419,4,Middle-aged and Medium Income
648,37,52411,5,Middle-aged and Medium Income
649,49,44517,3,Middle-aged and Medium Income
650,35,59686,2,Middle-aged and Medium Income
651,41,55422,5,Middle-aged and Medium Income
652,46,49700,2,Middle-aged and Medium Income
653,51,45693,4,Middle-aged and Medium Income
654,54,40767,5,Middle-aged and Medium Income
655,39,58428,5,Middle-aged and Medium Income
656,38,54818,2,Middle-aged and Medium Income
657,46,41549,5,Middle-aged and Medium Income
658,54,49956,5,Middle-aged and Medium Income
659,52,46140,5,Middle-aged and Medium Income
660,51,50837,4,Middle-aged and Medium Income
661,53,43716,2,Middle-aged and Medium Income
662,43,44481,5,Middle-aged and Medium Income
663,38,46548,3,Middle-aged and Medium Income
664,36,58677,3,Middle-aged and Medium Income
665,38,44837,3,Middle-aged and Medium Income
666,36,47758,3,Middle-aged and Medium Income
667,49,50900,4,Middle-aged and Medium Income
668,36,47993,5,Middle-aged and Medium Income
669,38,45542,2,Middle-aged and Medium Income
670,40,54828,5,Middle-aged and Medium Income
671,41,56052,4,Middle-aged and Medium Income
672,44,42385,3,Middle-aged and Medium Income
673,53,54308,4,Middle-aged and Medium Income
674,53,40671,5,Middle-aged and Medium Income
675,46,40163,2,Middle-aged and Medium Income
676,37,48656,4,Middle-aged and Medium Income
677,47,51234,2,Middle-aged and Medium Income
678,52,44795,4,Middle-aged and Medium Income
679,42,50634,2,Middle-aged and Medium Income
680,49,44798,2,Middle-aged and Medium Income
681,35,58739,3,Middle-aged and Medium Income
682,37,50749,2,Middle-aged and Medium Income
683,42,45827,3,Middle-aged and Medium Income
684,38,44719,5,Middle-aged and Medium Income
685,50,40593,5,Middle-aged and Medium Income
686,44,47394,3,Middle-aged and Medium Income
687,46,54056,3,Middle-aged and Medium Income
688,48,59877,4,Middle-aged and Medium Income
689,48,50636,4,Middle-aged and Medium Income
690,36,59056,4,Middle-aged and Medium Income
691,39,40016,5,Middle-aged and Medium Income
692,39,43191,4,Middle-aged and Medium Income
693,40,40392,2,Middle-aged and Medium Income
694,47,46272,2,Middle-aged and Medium Income
695,43,56955,4,Middle-aged and Medium Income
696,49,43631,2,Middle-aged and Medium Income
697,48,46172,5,Middle-aged and Medium Income
698,41,49312,2,Middle-aged and Medium Income
699,54,58663,5,Middle-aged and Medium Income
700,36,48906,3,Middle-aged and Medium Income
701,41,57159,3,Middle-aged and Medium Income
702,40,58631,3,Middle-aged and Medium Income
703,51,56462,3,Middle-aged and Medium Income
704,36,48080,2,Middle-aged and Medium Income
705,37,47099,4,Middle-aged and Medium Income
706,39,54916,2,Middle-aged and Medium Income
707,39,47083,5,Middle-aged and Medium Income
708,35,49223,2,Middle-aged and Medium Income
709,42,44940,2,Middle-aged and Medium Income
710,46,59655,5,Middle-aged and Medium Income
711,38,43456,3,Middle-aged and Medium Income
712,47,47788,3,Middle-aged and Medium Income
713,49,42711,3,Middle-aged and Medium Income
714,45,51280,4,Middle-aged and Medium Income
715,44,58052,5,Middle-aged and Medium Income
716,37,56531,5,Middle-aged and Medium Income
717,48,52089,2,Middle-aged and Medium Income
718,50,50142,4,Middle-aged and Medium Income
719,44,56749,3,Middle-aged and Medium Income
720,44,55587,4,Middle-aged and Medium Income
721,46,49866,5,Middle-aged and Medium Income
722,43,44531,5,Middle-aged and Medium Income
723,35,52686,2,Middle-aged and Medium Income
724,39,45330,2,Middle-aged and Medium Income
725,54,45510,5,Middle-aged and Medium Income
726,42,48964,3,Middle-aged and Medium Income
727,45,46493,3,Middle-aged and Medium Income
728,46,50759,4,Middle-aged and Medium Income
729,35,45439,5,Middle-aged and Medium Income
730,54,54473,5,Middle-aged and Medium Income
731,45,49765,3,Middle-aged and Medium Income
732,39,53279,3,Middle-aged and Medium Income
733,49,46511,5,Middle-aged and Medium Income
734,39,51483,2,Middle-aged and Medium Income
735,46,57630,5,Middle-aged and Medium Income
736,39,42376,5,Middle-aged and Medium Income
737,51,59393,3,Middle-aged and Medium Income
738,51,51824,3,Middle-aged and Medium Income
739,46,58211,2,Middle-aged and Medium Income
740,49,46979,2,Middle-aged and Medium Income
741,49,49832,4,Middle-aged and Medium Income
742,40,52504,5,Middle-aged and Medium Income
743,46,46910,3,Middle-aged and Medium Income
744,54,54089,2,Middle-aged and Medium Income
745,52,42196,4,Middle-aged and Medium Income
746,48,45978,4,Middle-aged and Medium Income
747,36,57153,3,Middle-aged and Medium Income
748,43,40780,3,Middle-aged and Medium Income
749,39,49908,4,Middle-aged and Medium Income
750,54,46303,2,Middle-aged and Medium Income
751,35,54686,4,Middle-aged and Medium Income
752,37,43983,5,Middle-aged and Medium Income
753,40,49503,5,Middle-aged and Medium Income
754,39,56905,3,Middle-aged and Medium Income
755,39,53070,2,Middle-aged and Medium Income
756,35,52232,2,Middle-aged and Medium Income
757,51,44583,5,Middle-aged and Medium Income
758,53,45946,4,Middle-aged and Medium Income
759,48,56377,3,Middle-aged and Medium Income
760,46,47128,4,Middle-aged and Medium Income
761,44,51889,4,Middle-aged and Medium Income
762,54,52275,4,Middle-aged and Medium Income
763,52,42461,2,Middle-aged and Medium Income
764,45,54291,5,Middle-aged and Medium Income
765,36,54036,2,Middle-aged and Medium Income
766,52,51435,5,Middle-aged and Medium Income
767,41,40685,3,Middle-aged and Medium Income
768,49,58544,3,Middle-aged and Medium Income
769,45,52258,4,Middle-aged and Medium Income
770,52,55990,5,Middle-aged and Medium Income
771,46,56422,5,Middle-aged and Medium Income
772,40,50736,5,Middle-aged and Medium Income
773,54,44875,4,Middle-aged and Medium Income
774,47,57640,4,Middle-aged and Medium Income
775,54,51182,3,Middle-aged and Medium Income
776,50,42196,2,Middle-aged and Medium Income
777,52,47165,5,Middle-aged and Medium Income
778,44,55997,5,Middle-aged and Medium Income
779,42,54215,2,Middle-aged and Medium Income
780,52,40301,5,Middle-aged and Medium Income
781,35,57030,4,Middle-aged and Medium Income
782,42,54571,4,Middle-aged and Medium Income
783,40,49951,5,Middle-aged and Medium Income
784,39,50773,4,Middle-aged and Medium Income
785,49,56140,4,Middle-aged and Medium Income
786,49,59921,5,Middle-aged and Medium Income
787,36,53057,3,Middle-aged and Medium Income
788,35,52500,2,Middle-aged and Medium Income
789,45,55921,4,Middle-aged and Medium Income
790,44,51870,3,Middle-aged and Medium Income
791,52,44082,4,Middle-aged and Medium Income
792,52,53718,4,Middle-aged and Medium Income
793,51,50517,2,Middle-aged and Medium Income
794,42,43754,4,Middle-aged and Medium Income
795,49,41724,2,Middle-aged and Medium Income
796,42,41376,2,Middle-aged and Medium Income
797,51,48706,2,Middle-aged and Medium Income
798,46,48894,3,Middle-aged and Medium Income
799,42,58037,5,Middle-aged and Medium Income
800,48,58450,3,Middle-aged and Medium Income
801,38,56406,5,Middle-aged and Medium Income
802,35,58844,5,Middle-aged and Medium Income
803,35,45926,2,Middle-aged and Medium Income
804,53,46251,4,Middle-aged and Medium Income
805,50,49496,2,Middle-aged and Medium Income
806,48,43300,4,Middle-aged and Medium Income
807,50,48553,5,Middle-aged and Medium Income
808,39,43727,2,Middle-aged and Medium Income
809,43,56898,4,Middle-aged and Medium Income
810,36,56832,3,Middle-aged and Medium Income
811,52,46019,4,Middle-aged and Medium Income
812,40,55463,2,Middle-aged and Medium Income
813,43,50047,3,Middle-aged and Medium Income
814,35,51754,4,Middle-aged and Medium Income
815,43,42520,4,Middle-aged and Medium Income
816,50,43081,4,Middle-aged and Medium Income
817,47,41428,4,Middle-aged and Medium Income
818,43,43967,4,Middle-aged and Medium Income
819,47,46445,3,Middle-aged and Medium Income
820,43,54566,5,Middle-aged and Medium Income
821,45,54042,3,Middle-aged and Medium Income
822,38,51329,3,Middle-aged and Medium Income
823,36,42159,3,Middle-aged and Medium Income
824,40,45132,5,Middle-aged and Medium Income
825,48,58931,2,Middle-aged and Medium Income
826,38,59363,5,Middle-aged and Medium Income
827,40,54933,3,Middle-aged and Medium Income
828,53,50473,4,Middle-aged and Medium Income
829,40,59033,4,Middle-aged and Medium Income
830,36,50805,3,Middle-aged and Medium Income
831,52,43083,4,Middle-aged and Medium Income
832,47,57421,3,Middle-aged and Medium Income
833,43,53944,4,Middle-aged and Medium Income
834,53,59873,5,Middle-aged and Medium Income
835,47,47604,2,Middle-aged and Medium Income
836,45,55379,2,Middle-aged and Medium Income
837,35,59018,5,Middle-aged and Medium Income
838,41,43983,5,Middle-aged and Medium Income
839,49,41778,3,Middle-aged and Medium Income
840,35,45110,3,Middle-aged and Medium Income
841,46,52087,3,Middle-aged and Medium Income
842,41,57508,4,Middle-aged and Medium Income
843,49,57081,3,Middle-aged and Medium Income
844,53,42179,5,Middle-aged and Medium Income
845,35,49596,2,Middle-aged and Medium Income
846,51,45251,4,Middle-aged and Medium Income
847,51,49235,3,Middle-aged and Medium Income
848,37,58313,4,Middle-aged and Medium Income
849,46,54871,4,Middle-aged and Medium Income
850,40,41013,3,Middle-aged and Medium Income
851,45,56610,4,Middle-aged and Medium Income
852,37,41828,2,Middle-aged and Medium Income
853,42,47909,5,Middle-aged and Medium Income
854,48,45588,5,Middle-aged and Medium Income
855,48,53109,2,Middle-aged and Medium Income
856,44,42023,4,Middle-aged and Medium Income
857,36,54537,3,Middle-aged and Medium Income
858,48,45891,4,Middle-aged and Medium Income
859,43,41080,2,Middle-aged and Medium Income
860,37,45036,4,Middle-aged and Medium Income
861,42,55379,5,Middle-aged and Medium Income
862,50,50822,4,Middle-aged and Medium Income
863,36,42563,2,Middle-aged and Medium Income
864,40,43292,5,Middle-aged and Medium Income
865,46,43586,4,Middle-aged and Medium Income
866,39,56087,4,Middle-aged and Medium Income
867,36,56100,5,Middle-aged and Medium Income
868,50,46643,3,Middle-aged and Medium Income
869,39,43959,5,Middle-aged and Medium Income
870,49,51005,3,Middle-aged and Medium Income
871,46,50775,2,Middle-aged and Medium Income
872,38,40161,2,Middle-aged and Medium Income
873,49,56029,5,Middle-aged and Medium Income
874,45,56977,5,Middle-aged and Medium Income
875,50,54226,2,Middle-aged and Medium Income
876,40,51154,3,Middle-aged and Medium Income
877,48,52080,2,Middle-aged and Medium Income
878,52,43390,5,Middle-aged and Medium Income
879,46,45997,2,Middle-aged and Medium Income
880,45,52693,5,Middle-aged and Medium Income
881,47,57047,5,Middle-aged and Medium Income
882,45,49324,2,Middle-aged and Medium Income
883,50,40541,3,Middle-aged and Medium Income
884,49,45093,4,Middle-aged and Medium Income
885,49,53428,2,Middle-aged and Medium Income
886,38,51166,4,Middle-aged and Medium Income
887,45,57251,2,Middle-aged and Medium Income
888,53,56063,4,Middle-aged and Medium Income
889,49,50258,3,Middle-aged and Medium Income
890,38,56044,3,Middle-aged and Medium Income
891,47,45469,2,Middle-aged and Medium Income
892,53,46256,5,Middle-aged and Medium Income
893,36,50720,4,Middle-aged and Medium Income
894,48,41169,5,Middle-aged and Medium Income
895,38,40830,5,Middle-aged and Medium Income
896,50,41651,5,Middle-aged and Medium Income
897,54,57520,3,Middle-aged and Medium Income
898,48,59194,2,Middle-aged and Medium Income
899,49,49518,2,Middle-aged and Medium Income
900,37,53258,3,Middle-aged and Medium Income
901,42,56184,3,Middle-aged and Medium Income
902,50,41019,2,Middle-aged and Medium Income
903,44,50028,5,Middle-aged and Medium Income
904,38,52448,4,Middle-aged and Medium Income
905,52,52485,4,Middle-aged and Medium Income
906,36,41283,4,Middle-aged and Medium Income
907,51,57043,5,Middle-aged and Medium Income
908,47,58394,2,Middle-aged and Medium Income
909,38,41733,3,Middle-aged and Medium Income
910,45,58509,2,Middle-aged and Medium Income
911,41,58555,5,Middle-aged and Medium Income
912,46,56230,3,Middle-aged and Medium Income
913,44,54472,5,Middle-aged and Medium Income
914,41,52889,4,Middle-aged and Medium Income
915,47,43471,4,Middle-aged and Medium Income
916,41,49028,5,Middle-aged and Medium Income
917,51,48329,3,Middle-aged and Medium Income
918,44,42097,3,Middle-aged and Medium Income
919,44,54082,2,Middle-aged and Medium Income
920,38,53930,4,Middle-aged and Medium Income
921,54,50077,2,Middle-aged and Medium Income
922,38,46397,2,Middle-aged and Medium Income
923,41,42757,5,Middle-aged and Medium Income
924,35,58284,5,Middle-aged and Medium Income
925,46,58994,2,Middle-aged and Medium Income
926,47,57833,4,Middle-aged and Medium Income
927,44,45017,5,Middle-aged and Medium Income
928,49,56370,2,Middle-aged and Medium Income
929,47,47999,2,Middle-aged and Medium Income
930,43,50195,2,Middle-aged and Medium Income
931,43,42096,2,Middle-aged and Medium Income
932,49,55433,2,Middle-aged and Medium Income
933,44,50595,2,Middle-aged and Medium Income
934,44,55941,5,Middle-aged and Medium Income
935,42,59715,4,Middle-aged and Medium Income
936,50,55078,2,Middle-aged and Medium Income
937,51,45105,3,Middle-aged and Medium Income
938,39,59362,5,Middle-aged and Medium Income
939,38,42839,5,Middle-aged and Medium Income
940,52,43384,2,Middle-aged and Medium Income
941,53,50851,5,Middle-aged and Medium Income
942,38,50053,2,Middle-aged and Medium Income
943,41,53493,4,Middle-aged and Medium Income
944,44,57069,4,Middle-aged and Medium Income
945,52,54139,5,Middle-aged and Medium Income
946,53,47531,5,Middle-aged and Medium Income
947,38,44283,3,Middle-aged and Medium Income
948,44,47736,5,Middle-aged and Medium Income
949,35,47710,3,Middle-aged and Medium Income
950,52,41619,4,Middle-aged and Medium Income
951,39,53975,4,Middle-aged and Medium Income
952,49,52835,2,Middle-aged and Medium Income
953,51,55261,4,Middle-aged and Medium Income
954,37,41431,3,Middle-aged and Medium Income
955,46,49067,5,Middle-aged and Medium Income
956,36,44713,2,Middle-aged and Medium Income
957,35,49557,3,Middle-aged and Medium Income
958,51,49435,5,Middle-aged and Medium Income
959,50,44998,2,Middle-aged and Medium Income
960,39,40162,4,Middle-aged and Medium Income
961,49,41974,3,Middle-aged and Medium Income
962,37,59675,5,Middle-aged and Medium Income
963,41,48461,2,Middle-aged and Medium Income
964,45,57015,2,Middle-aged and Medium Income
965,44,57289,4,Middle-aged and Medium Income
966,43,42014,5,Middle-aged and Medium Income
967,48,49833,4,Middle-aged and Medium Income
968,47,47896,4,Middle-aged and Medium Income
969,36,40204,5,Middle-aged and Medium Income
970,37,56965,5,Middle-aged and Medium Income
971,41,49032,5,Middle-aged and Medium Income
972,52,45347,3,Middle-aged and Medium Income
973,37,42643,5,Middle-aged and Medium Income
974,44,48017,2,Middle-aged and Medium Income
975,41,58681,4,Middle-aged and Medium Income
976,43,57258,3,Middle-aged and Medium Income
977,51,45560,5,Middle-aged and Medium Income
978,45,55892,3,Middle-aged and Medium Income
979,41,54531,5,Middle-aged and Medium Income
980,48,57073,3,Middle-aged and Medium Income
981,53,44000,4,Middle-aged and Medium Income
982,38,54289,4,Middle-aged and Medium Income
983,40,57055,2,Middle-aged and Medium Income
984,44,47927,2,Middle-aged and Medium Income
985,41,55562,5,Middle-aged and Medium Income
986,47,41171,4,Middle-aged and Medium Income
987,48,51918,3,Middle-aged and Medium Income
988,38,49135,3,Middle-aged and Medium Income
989,42,46342,3,Middle-aged and Medium Income
990,39,57833,2,Middle-aged and Medium Income
991,35,51929,3,Middle-aged and Medium Income
992,38,42539,2,Middle-aged and Medium Income
993,37,43959,2,Middle-aged and Medium Income
994,43,53183,5,Middle-aged and Medium Income
995,42,45432,3,Middle-aged and Medium Income
996,35,58745,3,Middle-aged and Medium Income
997,40,41753,4,Middle-aged and Medium Income
998,43,58322,5,Middle-aged and Medium Income
999,41,50123,4,Middle-aged and Medium Income
1000,64,67480,5,Older and High Income
1001,55,86672,8,Older and High Income
1002,67,64213,6,Older and High Income
1003,71,70293,9,Older and High Income
1004,57,94441,6,Older and High Income
1005,62,62100,8,Older and High Income
1006,68,88172,6,Older and High Income
1007,57,80132,9,Older and High Income
1008,70,78199,7,Older and High Income
1009,67,96609,5,Older and High Income
1010,74,68016,9,Older and High Income
1011,71,99779,4,Older and High Income
1012,67,97261,8,Older and High Income
1013,60,91881,7,Older and High Income
1014,71,77058,4,Older and High Income
1015,68,84472,4,Older and High Income
1016,71,94926,8,Older and High Income
1017,62,94832,7,Older and High Income
1018,65,96021,4,Older and High Income
1019,74,84087,4,Older and High Income
1020,55,72828,7,Older and High Income
1021,61,91128,6,Older and High Income
1022,71,61401,4,Older and High Income
1023,64,79643,5,Older and High Income
1024,65,75193,7,Older and High Income
1025,63,86853,4,Older and High Income
1026,63,80307,8,Older and High Income
1027,59,96982,9,Older and High Income
1028,71,79611,5,Older and High Income
1029,63,71950,9,Older and High Income
1030,71,70704,9,Older and High Income
1031,73,71867,4,Older and High Income
1032,61,62745,5,Older and High Income
1033,63,63866,5,Older and High Income
1034,61,92245,6,Older and High Income
1035,67,65818,9,Older and High Income
1036,65,90116,5,Older and High Income
1037,68,75493,6,Older and High Income
1038,73,88038,7,Older and High Income
1039,65,80447,6,Older and High Income
1040,67,90431,8,Older and High Income
1041,68,77908,4,Older and High Income
1042,67,89336,7,Older and High Income
1043,55,64025,7,Older and High Income
1044,62,80093,8,Older and High Income
1045,66,66155,6,Older and High Income
1046,73,93487,4,Older and High Income
1047,66,80963,6,Older and High Income
1048,62,80936,5,Older and High Income
1049,62,64426,6,Older and High Income
1050,67,83303,7,Older and High Income
1051,66,87606,4,Older and High Income
1052,70,88151,6,Older and High Income
1053,55,73767,4,Older and High Income
1054,67,71308,4,Older and High Income
1055,61,84770,5,Older and High Income
1056,59,88572,5,Older and High Income
1057,62,62204,7,Older and High Income
1058,68,87233,8,Older and High Income
1059,67,81729,4,Older and High Income
1060,69,91131,8,Older and High Income
1061,71,93870,7,Older and High Income
1062,69,98011,4,Older and High Income
1063,74,99382,4,Older and High Income
1064,72,81607,9,Older and High Income
1065,72,84968,8,Older and High Income
1066,56,93398,6,Older and High Income
1067,58,71908,5,Older and High Income
1068,55,86423,6,Older and High Income
1069,58,69171,8,Older and High Income
1070,72,72721,5,Older and High Income
1071,59,76616,6,Older and High Income
1072,73,98458,9,Older and High Income
1073,69,67659,5,Older and High Income
1074,62,71704,4,Older and High Income
1075,74,92793,6,Older and High Income
1076,71,91226,5,Older and High Income
1077,55,83852,9,Older and High Income
1078,66,92082,5,Older and High Income
1079,73,82794,5,Older and High Income
1080,69,73379,9,Older and High Income
1081,63,67006,6,Older and High Income
1082,61,68682,7,Older and High Income
1083,56,93840,6,Older and High Income
1084,63,92430,8,Older and High Income
1085,64,83091,9,Older and High Income
1086,56,92983,6,Older and High Income
1087,73,83989,5,Older and High Income
1088,65,69915,9,Older and High Income
1089,67,78990,4,Older and High Income
1090,64,84734,6,Older and High Income
1091,68,74824,9,Older and High Income
1092,72,96081,6,Older and High Income
1093,73,71033,9,Older and High Income
1094,63,76241,5,Older and High Income
1095,61,65939,4,Older and High Income
1096,57,95063,4,Older and High Income
1097,74,94464,8,Older and High Income
1098,60,71185,9,Older and High Income
1099,56,87045,6,Older and High Income
1100,60,79167,4,Older and High Income
1101,57,96412,4,Older and High Income
1102,70,81625,7,Older and High Income
1103,62,99188,7,Older and High Income
1104,56,87076,4,Older and High Income
1105,71,79029,9,Older and High Income
1106,63,82973,8,Older and High Income
1107,66,99121,4,Older and High Income
1108,57,91433,5,Older and High Income
1109,65,61932,6,Older and High Income
1110,55,61757,8,Older and High Income
1111,67,90722,5,Older and High Income
1112,69,97853,8,Older and High Income
1113,59,98405,5,Older and High Income
1114,71,61116,6,Older and High Income
1115,60,71691,6,Older and High Income
1116,65,60492,7,Older and High Income
1117,72,87882,9,Older and High Income
1118,58,68811,5,Older and High Income
1119,57,87808,7,Older and High Income
1120,67,84272,5,Older and High Income
1121,63,88399,7,Older and High Income
1122,60,66474,6,Older and High Income
1123,66,86956,8,Older and High Income
1124,56,73979,7,Older and High Income
1125,57,88328,5,Older and High Income
1126,57,72867,5,Older and High Income
1127,66,85851,9,Older and High Income
1128,69,91279,6,Older and High Income
1129,63,90527,5,Older and High Income
1130,62,67866,4,Older and High Income
1131,65,75449,8,Older and High Income
1132,70,70685,7,Older and High Income
1133,58,83544,9,Older and High Income
1134,55,65451,8,Older and High Income
1135,61,81642,6,Older and High Income
1136,56,99954,9,Older and High Income
1137,59,98870,7,Older and High Income
1138,61,91030,7,Older and High Income
1139,58,90873,4,Older and High Income
1140,59,60619,6,Older and High Income
1141,55,93650,9,Older and High Income
1142,55,85372,9,Older and High Income
1143,69,63642,5,Older and High Income
1144,74,88001,4,Older and High Income
1145,73,94064,4,Older and High Income
1146,64,89290,9,Older and High Income
1147,72,74122,9,Older and High Income
1148,57,84820,8,Older and High Income
1149,65,62895,8,Older and High Income
1150,69,65366,8,Older and High Income
1151,65,68711,4,Older and High Income
1152,71,79596,5,Older and High Income
1153,71,78793,7,Older and High Income
1154,60,68199,8,Older and High Income
1155,59,70717,5,Older and High Income
1156,62,96191,6,Older and High Income
1157,56,70211,8,Older and High Income
1158,70,83360,7,Older and High Income
1159,74,81542,6,Older and High Income
1160,66,91312,6,Older and High Income
1161,60,96435,7,Older and High Income
1162,55,88247,8,Older and High Income
1163,58,82357,4,Older and High Income
1164,71,87691,7,Older and High Income
1165,67,72424,7,Older and High Income
1166,72,78852,7,Older and High Income
1167,59,82601,6,Older and High Income
1168,57,78020,5,Older and High Income
1169,65,68155,4,Older and High Income
1170,67,63583,8,Older and High Income
1171,58,75515,8,Older and High Income
1172,68,96777,5,Older and High Income
1173,65,79710,7,Older and High Income
1174,64,84532,4,Older and High Income
1175,73,78601,8,Older and High Income
1176,72,64967,9,Older and High Income
1177,60,78753,8,Older and High Income
1178,69,80022,7,Older and High Income
1179,64,69135,9,Older and High Income
1180,59,65722,5,Older and High Income
1181,59,87413,4,Older and High Income
1182,64,87236,5,Older and High Income
1183,59,75514,5,Older and High Income
1184,57,97212,4,Older and High Income
1185,60,80331,4,Older and High Income
1186,58,78060,8,Older and High Income
1187,72,61196,8,Older and High Income
1188,63,72297,4,Older and High Income
1189,71,62787,9,Older and High Income
1190,67,83816,6,Older and High Income
1191,69,79702,8,Older and High Income
1192,74,85242,6,Older and High Income
1193,71,62176,9,Older and High Income
1194,67,80127,4,Older and High Income
1195,70,87228,9,Older and High Income
1196,58,80208,8,Older and High Income
1197,59,88482,5,Older and High Income
1198,59,69171,4,Older and High Income
1199,63,95219,7,Older and High Income
1200,71,93396,6,Older and High Income
1201,67,63696,9,Older and High Income
1202,56,80058,4,Older and High Income
1203,67,80313,9,Older and High Income
1204,73,79149,4,Older and High Income
1205,57,64956,8,Older and High Income
1206,64,70195,8,Older and High Income
1207,56,77076,8,Older and High Income
1208,67,61105,9,Older and High Income
1209,73,75417,7,Older and High Income
1210,71,84729,8,Older and High Income
1211,68,90099,4,Older and High Income
1212,66,92598,8,Older and High Income
1213,66,89961,5,Older and High Income
1214,65,72602,8,Older and High Income
1215,61,69256,9,Older and High Income
1216,58,80584,7,Older and High Income
1217,73,94681,5,Older and High Income
1218,55,85792,9,Older and High Income
1219,57,81904,9,Older and High Income
1220,67,94540,9,Older and High Income
1221,69,86536,4,Older and High Income
1222,56,79164,9,Older and High Income
1223,65,72996,4,Older and High Income
1224,58,62871,9,Older and High Income
1225,73,82626,6,Older and High Income
1226,71,70521,5,Older and High Income
1227,57,61132,6,Older and High Income
1228,72,93467,9,Older and High Income
1229,62,74534,5,Older and High Income
1230,73,83854,5,Older and High Income
1231,59,99065,7,Older and High Income
1232,61,67812,6,Older and High Income
1233,62,64557,7,Older and High Income
1234,59,62179,5,Older and High Income
1235,71,69065,4,Older and High Income
1236,59,68275,5,Older and High Income
1237,58,95948,7,Older and High Income
1238,73,80700,6,Older and High Income
1239,56,99464,9,Older and High Income
1240,65,87794,9,Older and High Income
1241,67,88783,6,Older and High Income
1242,69,76998,9,Older and High Income
1243,66,73869,9,Older and High Income
1244,65,88152,7,Older and High Income
1245,61,80954,6,Older and High Income
1246,59,91555,8,Older and High Income
1247,71,76654,4,Older and High Income
1248,74,95236,4,Older and High Income
1249,63,75042,9,Older and High Income
1250,68,85966,4,Older and High Income
1251,66,74270,6,Older and High Income
1252,60,90908,6,Older and High Income
1253,71,75523,5,Older and High Income
1254,73,79991,5,Older and High Income
1255,73,70775,4,Older and High Income
1256,70,72265,8,Older and High Income
1257,66,79459,5,Older and High Income
1258,66,76673,5,Older and High Income
1259,74,87056,6,Older and High Income
1260,60,66614,8,Older and High Income
1261,58,96020,9,Older and High Income
1262,60,67415,4,Older and High Income
1263,65,83155,5,Older and High Income
1264,55,76964,8,Older and High Income
1265,69,97726,8,Older and High Income
1266,65,97044,4,Older and High Income
1267,73,97544,8,Older and High Income
1268,72,92252,8,Older and High Income
1269,71,63832,8,Older and High Income
1270,73,85275,5,Older and High Income
1271,68,74901,4,Older and High Income
1272,72,98213,8,Older and High Income
1273,73,94148,8,Older and High Income
1274,69,82918,5,Older and High Income
1275,69,79540,4,Older and High Income
1276,58,71580,6,Older and High Income
1277,61,98402,5,Older and High Income
1278,67,98578,4,Older and High Income
1279,57,84917,8,Older and High Income
1280,70,82318,4,Older and High Income
1281,63,70179,4,Older and High Income
1282,62,72251,9,Older and High Income
1283,74,79493,4,Older and High Income
1284,67,80466,6,Older and High Income
1285,71,90206,4,Older and High Income
1286,71,79624,6,Older and High Income
1287,71,86564,8,Older and High Income
1288,55,82412,6,Older and High Income
1289,62,87990,8,Older and High Income
1290,73,95517,8,Older and High Income
1291,60,73156,6,Older and High Income
1292,57,83064,5,Older and High Income
1293,59,85711,7,Older and High Income
1294,67,90106,4,Older and High Income
1295,69,76589,9,Older and High Income
1296,68,83736,7,Older and High Income
1297,70,80975,4,Older and High Income
1298,72,96218,4,Older and High Income
1299,65,67214,8,Older and High Income
1300,57,90581,4,Older and High Income
1301,64,80195,9,Older and High Income
1302,64,87127,4,Older and High Income
1303,70,65141,6,Older and High Income
1304,66,88884,7,Older and High Income
1305,56,84885,6,Older and High Income
1306,63,62708,9,Older and High Income
1307,57,78375,4,Older and High Income
1308,69,75088,9,Older and High Income
1309,57,70014,8,Older and High Income
1310,73,63273,6,Older and High Income
1311,72,97306,6,Older and High Income
1312,62,90881,5,Older and High Income
1313,71,91486,4,Older and High Income
1314,62,72541,8,Older and High Income
1315,61,68712,6,Older and High Income
1316,61,69168,6,Older and High Income
1317,57,63551,8,Older and High Income
1318,55,72297,9,Older and High Income
1319,58,87128,9,Older and High Income
1320,59,62832,4,Older and High Income
1321,55,88483,5,Older and High Income
1322,69,82063,6,Older and High Income
1323,59,82963,5,Older and High Income
1324,67,73422,9,Older and High Income
1325,62,92920,9,Older and High Income
1326,62,71156,7,Older and High Income
1327,59,71108,4,Older and High Income
1328,63,91845,7,Older and High Income
1329,55,62800,7,Older and High Income
1330,58,98078,7,Older and High Income
1331,57,62610,4,Older and High Income
1332,56,72067,4,Older and High Income
1333,62,93872,8,Older and High Income
1334,63,70728,5,Older and High Income
1335,56,89566,5,Older and High Income
1336,68,89783,8,Older and High Income
1337,68,80583,8,Older and High Income
1338,58,80238,9,Older and High Income
1339,60,67263,7,Older and High Income
1340,65,61914,8,Older and High Income
1341,57,83749,6,Older and High Income
1342,62,79456,5,Older and High Income
1343,57,85582,8,Older and High Income
1344,68,60406,6,Older and High Income
1345,67,73689,6,Older and High Income
1346,67,92934,6,Older and High Income
1347,56,93276,9,Older and High Income
1348,67,96432,9,Older and High Income
1349,73,79873,6,Older and High Income
1350,60,73050,9,Older and High Income
1351,70,60680,7,Older and High Income
1352,56,78908,6,Older and High Income
1353,62,78504,7,Older and High Income
1354,71,81644,7,Older and High Income
1355,56,97125,6,Older and High Income
1356,64,61363,5,Older and High Income
1357,70,95060,6,Older and High Income
1358,60,61538,6,Older and High Income
1359,56,96176,9,Older and High Income
1360,56,85675,6,Older and High Income
1361,67,78287,5,Older and High Income
1362,69,60174,9,Older and High Income
1363,56,86732,4,Older and High Income
1364,61,94998,4,Older and High Income
1365,57,97055,7,Older and High Income
1366,62,72112,7,Older and High Income
1367,68,99874,5,Older and High Income
1368,61,69689,8,Older and High Income
1369,61,79555,4,Older and High Income
1370,55,93919,7,Older and High Income
1371,71,67619,4,Older and High Income
1372,63,66033,5,Older and High Income
1373,67,64946,5,Older and High Income
1374,73,84618,8,Older and High Income
1375,73,94675,8,Older and High Income
1376,71,96258,9,Older and High Income
1377,64,78919,5,Older and High Income
1378,64,64173,7,Older and High Income
1379,58,86400,4,Older and High Income
1380,62,64769,6,Older and High Income
1381,74,97564,8,Older and High Income
1382,74,74211,6,Older and High Income
1383,72,83255,7,Older and High Income
1384,68,87962,8,Older and High Income
1385,72,79356,6,Older and High Income
1386,68,80306,7,Older and High Income
1387,74,64997,4,Older and High Income
1388,69,77376,7,Older and High Income
1389,58,98055,9,Older and High Income
1390,67,70578,8,Older and High Income
1391,62,78624,5,Older and High Income
1392,72,99194,4,Older and High Income
1393,66,60389,6,Older and High Income
1394,68,93767,8,Older and High Income
1395,56,61855,5,Older and High Income
1396,72,73794,7,Older and High Income
1397,56,95531,5,Older and High Income
1398,65,64986,8,Older and High Income
1399,63,92298,8,Older and High Income
1400,66,61481,9,Older and High Income
1401,71,63731,9,Older and High Income
1402,69,76835,5,Older and High Income
1403,71,87798,7,Older and High Income
1404,72,86113,5,Older and High Income
1405,60,79477,8,Older and High Income
1406,71,77266,8,Older and High Income
1407,72,80792,6,Older and High Income
1408,62,80452,9,Older and High Income
1409,63,71889,6,Older and High Income
1410,60,84335,4,Older and High Income
1411,59,71254,8,Older and High Income
1412,66,81074,6,Older and High Income
1413,65,71442,5,Older and High Income
1414,55,97327,9,Older and High Income
1415,65,76199,9,Older and High Income
1416,73,67291,7,Older and High Income
1417,63,60112,5,Older and High Income
1418,56,81515,7,Older and High Income
1419,66,79581,6,Older and High Income
1420,58,86500,4,Older and High Income
1421,58,92026,5,Older and High Income
1422,72,76523,5,Older and High Income
1423,69,61424,5,Older and High Income
1424,73,79552,7,Older and High Income
1425,67,70808,6,Older and High Income
1426,73,98811,5,Older and High Income
1427,71,66989,5,Older and High Income
1428,60,83620,9,Older and High Income
1429,70,99029,4,Older and High Income
1430,66,60887,9,Older and High Income
1431,73,91802,9,Older and High Income
1432,59,79488,4,Older and High Income
1433,71,90013,6,Older and High Income
1434,55,76402,9,Older and High Income
1435,64,81205,6,Older and High Income
1436,69,86049,9,Older and High Income
1437,65,72253,8,Older and High Income
1438,67,78990,4,Older and High Income
1439,59,67846,9,Older and High Income
1440,55,85027,8,Older and High Income
1441,66,99200,7,Older and High Income
1442,65,63765,8,Older and High Income
1443,71,75950,5,Older and High Income
1444,58,69741,9,Older and High Income
1445,69,82742,8,Older and High Income
1446,63,84703,6,Older and High Income
1447,74,98709,7,Older and High Income
1448,73,97623,9,Older and High Income
1449,73,82931,5,Older and High Income
1450,66,83580,8,Older and High Income
1451,59,75166,7,Older and High Income
1452,64,89240,9,Older and High Income
1453,71,85991,7,Older and High Income
1454,59,98556,5,Older and High Income
1455,70,92969,8,Older and High Income
1456,61,70561,7,Older and High Income
1457,63,76901,7,Older and High Income
1458,57,90020,4,Older and High Income
1459,69,85917,7,Older and High Income
1460,70,61988,4,Older and High Income
1461,72,74256,8,Older and High Income
1462,68,82192,9,Older and High Income
1463,57,88230,9,Older and High Income
1464,66,99930,8,Older and High Income
1465,63,82625,8,Older and High Income
1466,61,92088,6,Older and High Income
1467,63,74114,8,Older and High Income
1468,67,98401,7,Older and High Income
1469,72,65755,9,Older and High Income
1470,59,70825,5,Older and High Income
1471,67,82693,9,Older and High Income
1472,58,64117,4,Older and High Income
1473,56,84729,9,Older and High Income
1474,70,92182,6,Older and High Income
1475,63,88890,8,Older and High Income
1476,63,89340,8,Older and High Income
1477,60,61518,9,Older and High Income
1478,65,90949,5,Older and High Income
1479,55,82547,5,Older and High Income
1480,58,76346,6,Older and High Income
1481,67,62600,4,Older and High Income
1482,67,89267,9,Older and High Income
1483,67,96322,8,Older and High Income
1484,56,86990,9,Older and High Income
1485,63,76193,6,Older and High Income
1486,62,90109,7,Older and High Income
1487,61,79233,7,Older and High Income
1488,58,76194,6,Older and High Income
1489,72,94510,8,Older and High Income
1490,57,61306,6,Older and High Income
1491,60,63849,8,Older and High Income
1492,66,72360,5,Older and High Income
1493,66,89231,6,Older and High Income
1494,62,96963,8,Older and High Income
1495,55,78689,6,Older and High Income
1496,58,89084,6,Older and High Income
1497,65,69280,8,Older and High Income
1498,57,62642,8,Older and High Income
1499,67,74296,4,Older and High Income
